id,ref,cleared
1,mmendoza0@stanford.edu,false
2,rmills1@gravatar.com,false
4,levans3@multiply.com,false
5,ngibson4@apache.org,true
7,jboyd6@ucla.edu,true
8,wboyd7@npr.org,false
10,drichardson9@indiegogo.com,false
11,dsullivana@bluehost.com,true
13,jfisherc@hhs.gov,true
14,mcastillod@google.com.br,true
16,skellyf@unc.edu,true
17,dbishopg@zimbio.com,true
19,jcollinsi@patch.com,true
20,bmoorej@virginia.edu,true
22,sreidl@taobao.com,false
23,dpricem@indiatimes.com,true
25,sadamso@cnet.com,false
26,jharrisp@aboutads.info,true
27,fwelchq@wikimedia.org,false
28,bdayr@ox.ac.uk,false
29,narmstrongs@myspace.com,true
30,sthompsont@yellowbook.com,true
31,ewilliamsu@patch.com,true
32,cwheelerv@bbc.co.uk,true
33,khawkinsw@cam.ac.uk,false
34,tblackx@mac.com,true
35,ehunty@ehow.com,false
36,ehudsonz@weather.com,true
37,ksnyder10@aol.com,false
38,sfranklin11@boston.com,false
39,hboyd12@europa.eu,false
40,njohnston13@mail.ru,true
41,bmedina14@drupal.org,false
42,jbowman15@delicious.com,false
43,jhart16@chron.com,true
44,agreene17@sohu.com,true
45,gbaker18@pbs.org,true
46,tvasquez19@merriam-webster.com,false
47,tburns1a@moonfruit.com,false
48,bjenkins1b@nbcnews.com,false
49,agomez1c@privacy.gov.au,false
50,hnichols1d@slashdot.org,false
51,dharrison1e@netvibes.com,true
52,eramos1f@amazon.de,true
53,scarter1g@businesswire.com,true
54,jwalker1h@nydailynews.com,false
55,ralvarez1i@sitemeter.com,true
56,rsimpson1j@reddit.com,true
57,anguyen1k@odnoklassniki.ru,false
58,treynolds1l@cdbaby.com,false
59,smason1m@home.pl,true
60,efields1n@howstuffworks.com,false
61,eanderson1o@imageshack.us,false
62,dhunter1p@amazonaws.com,false
63,pallen1q@fotki.com,true
64,rgarrett1r@mayoclinic.com,false
65,lsanchez1s@etsy.com,true
66,kholmes1t@telegraph.co.uk,true
67,elawson1u@hugedomains.com,false
68,ctaylor1v@weebly.com,false
69,mharrison1w@jalbum.net,true
70,ehunter1x@apple.com,false
71,jwhite1y@mysql.com,false
72,karnold1z@so-net.ne.jp,true
73,griley20@blogspot.com,false
74,rwilson21@whitehouse.gov,true
75,areynolds22@cocolog-nifty.com,true
76,jgonzalez23@tinyurl.com,true
77,snelson24@odnoklassniki.ru,false
78,bellis25@arstechnica.com,true
80,jrivera27@wunderground.com,true
81,mstewart28@over-blog.com,true
82,tcampbell29@drupal.org,true
83,jdiaz2a@ebay.com,false
84,cmurray2b@unicef.org,true
85,jchavez2c@mayoclinic.com,false
86,sreid2d@vkontakte.ru,false
87,wsanders2e@virginia.edu,false
88,jriley2f@thetimes.co.uk,true
89,emedina2g@google.com.au,true
90,stucker2h@bigcartel.com,true
91,pnguyen2i@tripadvisor.com,true
92,mmason2j@marketwatch.com,true
93,tvasquez2k@bbb.org,false
94,tmontgomery2l@artisteer.com,false
95,tarnold2m@mapy.cz,true
96,jmason2n@nsw.gov.au,true
97,barmstrong2o@techcrunch.com,true
98,pcox2p@indiegogo.com,true
99,drichards2q@eepurl.com,false
100,pellis2r@wired.com,false
101,ghoward2s@independent.co.uk,false
102,bbrown2t@joomla.org,true
103,scarr2u@addthis.com,true
104,manderson2v@booking.com,true
105,rcruz2w@usgs.gov,true
106,shart2x@mozilla.com,true
107,mgeorge2y@delicious.com,false
108,jbell2z@clickbank.net,true
109,skelley30@purevolume.com,true
110,aschmidt31@flavors.me,true
111,mromero32@domainmarket.com,true
112,msanchez33@businessinsider.com,true
113,wberry34@admin.ch,true
114,dgutierrez35@springer.com,true
115,krogers36@howstuffworks.com,false
116,cevans37@jugem.jp,false
117,dallen38@google.com.br,true
118,jrobertson39@theguardian.com,true
119,mdiaz3a@vistaprint.com,false
120,rlarson3b@ocn.ne.jp,false
121,jberry3c@ucoz.ru,true
122,sparker3d@arstechnica.com,true
123,mhill3e@discovery.com,true
124,aboyd3f@usnews.com,true
125,epalmer3g@rakuten.co.jp,true
126,iprice3h@51.la,false
127,jstevens3i@seattletimes.com,false
128,jbaker3j@hhs.gov,true
129,larmstrong3k@newsvine.com,true
130,lchavez3l@cnbc.com,true
131,hmatthews3m@friendfeed.com,false
132,asanders3n@furl.net,false
133,jberry3o@domainmarket.com,true
134,jgarrett3p@51.la,false
135,wmorris3q@unc.edu,false
136,jmartinez3r@ucoz.com,true
137,ibrooks3s@sbwire.com,true
138,bhoward3t@google.com.au,true
139,sbanks3u@tripadvisor.com,true
140,ecox3v@hatena.ne.jp,true
141,jhughes3w@zimbio.com,false
142,gcarter3x@pinterest.com,true
143,greyes3y@about.com,true
144,slong3z@auda.org.au,false
145,khicks40@example.com,true
146,cjackson41@ucla.edu,true
147,dgonzales42@amazon.de,true
148,iedwards43@wufoo.com,true
149,tjames44@bbc.co.uk,true
150,jlee45@sphinn.com,false
151,ralexander46@nymag.com,false
152,lwebb47@telegraph.co.uk,true
153,mporter48@sitemeter.com,false
154,rhenderson49@rambler.ru,true
155,mnguyen4a@dyndns.org,true
156,adavis4b@google.de,true
157,rarmstrong4c@opera.com,true
158,dgardner4d@paypal.com,false
159,elittle4e@bandcamp.com,false
160,pryan4f@ed.gov,false
161,cray4g@sakura.ne.jp,false
162,ssmith4h@reverbnation.com,false
163,drichardson4i@biglobe.ne.jp,false
164,sgilbert4j@weibo.com,false
165,jstanley4k@g.co,false
166,jjenkins4l@360.cn,false
167,jray4m@smh.com.au,true
168,abutler4n@wikimedia.org,true
169,amitchell4o@addthis.com,true
170,jfernandez4p@livejournal.com,false
171,kbradley4q@mail.ru,true
172,jtucker4r@instagram.com,false
173,dduncan4s@miibeian.gov.cn,false
174,bbradley4t@elegantthemes.com,false
175,cmills4u@pcworld.com,true
176,lharvey4v@cargocollective.com,false
177,cwilson4w@alibaba.com,true
178,ccarr4x@merriam-webster.com,false
179,mwebb4y@topsy.com,false
180,rharvey4z@t-online.de,false
181,amoreno50@nba.com,true
182,jgreen51@nhs.uk,true
183,gbell52@wikimedia.org,true
184,vbanks53@miibeian.gov.cn,false
185,ldean54@latimes.com,false
186,aperry55@alibaba.com,false
187,jrodriguez56@apache.org,false
188,acook57@dailymotion.com,true
189,rcastillo58@alexa.com,true
190,tburton59@twitpic.com,false
191,jmartinez5a@spiegel.de,false
192,lgreen5b@sun.com,true
193,jwilliams5c@oakley.com,false
194,nfisher5d@barnesandnoble.com,false
195,rcastillo5e@taobao.com,true
196,tgibson5f@princeton.edu,false
197,thicks5g@umich.edu,false
198,dmarshall5h@uiuc.edu,false
199,dgarcia5i@msu.edu,false
200,vmarshall5j@wikispaces.com,false
201,jramirez5k@ocn.ne.jp,false
202,gmason5l@nature.com,false
203,kmatthews5m@digg.com,false
204,rnguyen5n@yolasite.com,false
205,ccole5o@yelp.com,true
206,jandrews5p@51.la,true
207,bmorris5q@yelp.com,true
208,wramos5r@tmall.com,false
209,ehicks5s@bravesites.com,true
210,triley5t@last.fm,false
211,vprice5u@smugmug.com,false
212,jreid5v@mapy.cz,false
213,jcole5w@jigsy.com,true
214,bfields5x@home.pl,true
215,tshaw5y@constantcontact.com,false
216,jcook5z@bbc.co.uk,true
217,dmurray60@sitemeter.com,false
218,bduncan61@dot.gov,false
219,tjohnston62@mit.edu,true
220,lmyers63@netvibes.com,false
221,ccole64@friendfeed.com,false
222,jdiaz65@berkeley.edu,false
223,rwest66@hao123.com,false
224,fthompson67@prlog.org,true
225,erichards68@smugmug.com,false
226,arice69@amazon.de,true
227,jgardner6a@sbwire.com,true
228,amiller6b@sbwire.com,false
229,jjames6c@ovh.net,true
230,abishop6d@so-net.ne.jp,true
231,arussell6e@diigo.com,true
232,ekennedy6f@springer.com,false
233,bperry6g@slate.com,false
234,ahall6h@a8.net,true
235,lgilbert6i@ehow.com,true
236,jgrant6j@netvibes.com,false
237,kcruz6k@shutterfly.com,true
238,jbanks6l@printfriendly.com,false
239,hwells6m@hud.gov,true
240,adavis6n@yandex.ru,true
241,tgreen6o@mysql.com,true
242,jkim6p@globo.com,false
243,kwilson6q@kickstarter.com,true
244,rkelly6r@webeden.co.uk,true
245,rray6s@businessweek.com,true
246,dgutierrez6t@sun.com,true
247,mlynch6u@i2i.jp,false
248,cfoster6v@whitehouse.gov,false
249,kburns6w@squidoo.com,false
250,nperry6x@hao123.com,true
251,rdiaz6y@unicef.org,false
252,ncook6z@unblog.fr,false
253,pjohnston70@netlog.com,false
254,awatkins71@google.ru,true
255,pford72@samsung.com,true
256,dcunningham73@indiatimes.com,false
257,emedina74@plala.or.jp,false
258,tolson75@tmall.com,true
259,ncollins76@google.de,true
260,bortiz77@squarespace.com,false
261,canderson78@msu.edu,false
262,ajohnson79@wix.com,true
263,cthomas7a@ifeng.com,true
264,sperez7b@sogou.com,true
265,hlee7c@auda.org.au,false
266,talvarez7d@list-manage.com,true
267,estevens7e@google.com.hk,false
268,dbryant7f@sohu.com,false
269,jwoods7g@elegantthemes.com,true
270,ngarrett7h@webs.com,true
271,jbradley7i@barnesandnoble.com,false
272,pwoods7j@mail.ru,false
273,krichardson7k@cisco.com,false
274,sbowman7l@foxnews.com,false
275,hprice7m@tmall.com,false
276,chernandez7n@kickstarter.com,false
277,rbowman7o@foxnews.com,false
278,rellis7p@simplemachines.org,false
279,lsimpson7q@tinyurl.com,true
280,jlane7r@technorati.com,false
281,tdavis7s@disqus.com,false
282,smitchell7t@meetup.com,true
283,laustin7u@chicagotribune.com,true
284,rlawson7v@ucla.edu,false
285,jblack7w@a8.net,false
286,ccoleman7x@nbcnews.com,false
287,scruz7y@privacy.gov.au,false
288,cmyers7z@dion.ne.jp,false
289,abennett80@biglobe.ne.jp,true
290,epayne81@sitemeter.com,false
291,rwilliamson82@nifty.com,true
292,bmedina83@nymag.com,true
293,drussell84@ovh.net,false
294,acastillo85@rediff.com,false
295,tfisher86@dot.gov,true
296,rlawrence87@devhub.com,true
297,lalvarez88@aboutads.info,false
298,bray89@seattletimes.com,true
299,pbrown8a@apple.com,true
300,sboyd8b@xing.com,true
301,ewilson8c@t-online.de,true
302,jwood8d@admin.ch,true
303,jkelly8e@google.co.jp,true
304,cday8f@aol.com,false
305,jfox8g@harvard.edu,false
306,ppierce8h@squarespace.com,true
307,bdiaz8i@google.com.br,false
308,jhowell8j@homestead.com,false
309,afreeman8k@lycos.com,true
310,charper8l@diigo.com,true
311,candrews8m@blogger.com,false
312,drice8n@house.gov,false
313,whicks8o@latimes.com,true
314,shall8p@dedecms.com,true
315,mcastillo8q@narod.ru,false
316,jlynch8r@phpbb.com,true
317,pbanks8s@digg.com,false
318,bperry8t@noaa.gov,true
319,jjenkins8u@hud.gov,false
320,schavez8v@unicef.org,false
321,ebrooks8w@springer.com,true
322,award8x@google.com.au,false
323,asullivan8y@furl.net,true
324,pstewart8z@soup.io,true
325,rkennedy90@nba.com,true
326,pflores91@ox.ac.uk,true
327,clong92@cdc.gov,false
328,amills93@mapy.cz,false
329,dsimmons94@psu.edu,true
330,acruz95@seesaa.net,true
331,jpowell96@google.com.hk,true
332,rpayne97@cargocollective.com,false
333,cthompson98@booking.com,true
334,mriley99@oaic.gov.au,false
335,scooper9a@thetimes.co.uk,true
336,jwhite9b@dion.ne.jp,false
337,lkelley9c@imageshack.us,true
338,iwarren9d@pcworld.com,true
339,kstone9e@techcrunch.com,true
340,smccoy9f@ovh.net,true
341,jmills9g@e-recht24.de,true
342,grichardson9h@dailymotion.com,true
343,mbradley9i@meetup.com,true
344,mcook9j@umich.edu,false
345,whamilton9k@sourceforge.net,false
346,jhall9l@infoseek.co.jp,true
347,pfox9m@webs.com,false
348,jarnold9n@hc360.com,false
349,cshaw9o@bloglines.com,true
350,lchavez9p@t-online.de,true
351,rgardner9q@baidu.com,true
352,earmstrong9r@narod.ru,true
353,agraham9s@jugem.jp,true
354,jgutierrez9t@unesco.org,false
355,dbishop9u@businessweek.com,true
356,gscott9v@github.io,false
357,hmoreno9w@usa.gov,true
358,swilliamson9x@bizjournals.com,false
359,bwilliamson9y@sun.com,false
360,cperez9z@examiner.com,true
361,cmartina0@prnewswire.com,true
362,ldiaza1@globo.com,true
363,ddeana2@wikispaces.com,false
364,pcunninghama3@cloudflare.com,false
365,tjenkinsa4@moonfruit.com,false
366,bolsona5@pinterest.com,true
367,dwagnera6@yolasite.com,true
368,blanea7@noaa.gov,false
369,pharta8@businessweek.com,true
370,espencera9@constantcontact.com,true
371,jjamesaa@wix.com,false
372,dgardnerab@unesco.org,true
373,chansonac@hatena.ne.jp,false
374,rcollinsad@walmart.com,false
375,jwellsae@usnews.com,true
376,afreemanaf@wikipedia.org,true
377,awelchag@fotki.com,false
378,aramirezah@washington.edu,true
379,ahudsonai@edublogs.org,true
380,etayloraj@ovh.net,true
381,rpalmerak@odnoklassniki.ru,false
382,apattersonal@creativecommons.org,false
383,dhowellam@geocities.com,false
384,jchapmanan@techcrunch.com,true
385,tcrawfordao@free.fr,false
386,tcarterap@hugedomains.com,false
387,mwilsonaq@wufoo.com,false
388,rbradleyar@booking.com,false
389,jnelsonas@msu.edu,false
390,fkennedyat@wiley.com,true
391,ehughesau@last.fm,true
392,alopezav@accuweather.com,true
393,nromeroaw@princeton.edu,true
394,rhendersonax@cbc.ca,false
395,dellisay@so-net.ne.jp,true
396,cfergusonaz@aboutads.info,false
397,barnoldb0@answers.com,false
398,sspencerb1@homestead.com,true
399,ewhiteb2@wufoo.com,true
400,eholmesb3@wordpress.org,true
401,mmitchellb4@spotify.com,true
402,mmedinab5@washingtonpost.com,true
403,mlewisb6@simplemachines.org,false
404,jelliottb7@a8.net,true
405,estoneb8@bizjournals.com,false
406,djohnstonb9@networkadvertising.org,true
407,llaneba@examiner.com,false
408,ewoodsbb@topsy.com,false
409,cdeanbc@cloudflare.com,true
410,jfowlerbd@csmonitor.com,true
411,tbradleybe@independent.co.uk,false
412,ematthewsbf@guardian.co.uk,true
413,bperrybg@google.pl,false
414,mharveybh@wiley.com,false
415,jpiercebi@clickbank.net,false
416,bcookbj@howstuffworks.com,true
417,mwoodbk@studiopress.com,false
418,klongbl@merriam-webster.com,false
419,fjenkinsbm@xinhuanet.com,false
420,aporterbn@pen.io,true
421,tarmstrongbo@sun.com,true
422,shallbp@nifty.com,true
423,dperkinsbq@dailymotion.com,false
424,csimsbr@stanford.edu,true
425,gperkinsbs@nytimes.com,false
426,vrichardsbt@friendfeed.com,true
427,mbaileybu@soundcloud.com,false
428,lmoorebv@spotify.com,false
429,cwillisbw@wisc.edu,false
430,hspencerbx@bizjournals.com,false
431,smillerby@privacy.gov.au,true
432,afernandezbz@yelp.com,false
433,spetersc0@dagondesign.com,true
434,mwestc1@sakura.ne.jp,true
435,wrogersc2@delicious.com,false
436,jfranklinc3@earthlink.net,false
437,iharrisonc4@howstuffworks.com,true
438,awarrenc5@ucoz.com,false
439,tmillerc6@paginegialle.it,true
440,jgriffinc7@usgs.gov,false
441,jcarpenterc8@gov.uk,true
442,rfergusonc9@wordpress.com,true
443,awalkerca@nps.gov,true
444,astewartcb@rambler.ru,false
445,eburnscc@cpanel.net,false
446,jchapmancd@virginia.edu,false
447,kcastilloce@un.org,true
448,acollinscf@google.co.uk,false
449,hfullercg@ucoz.ru,true
450,dberrych@baidu.com,true
451,dbrownci@washington.edu,true
452,balvarezcj@theguardian.com,true
453,dgutierrezck@sfgate.com,true
454,fjonescl@xinhuanet.com,true
455,jwellscm@nymag.com,true
456,acolecn@senate.gov,true
457,dbrooksco@example.com,false
458,rleecp@fastcompany.com,false
459,msanderscq@umich.edu,false
460,jarnoldcr@blogger.com,false
461,mrosecs@nhs.uk,true
462,mandrewsct@accuweather.com,true
463,jryancu@epa.gov,false
464,jfieldscv@ifeng.com,true
465,sfraziercw@opera.com,true
466,lnelsoncx@php.net,true
467,cevanscy@google.co.uk,false
468,cyoungcz@alibaba.com,false
469,mgilbertd0@unicef.org,false
470,wlaned1@upenn.edu,false
471,ecruzd2@businessweek.com,false
472,hstoned3@comcast.net,false
473,nmorgand4@hp.com,true
474,ahunterd5@ning.com,true
475,emoralesd6@stanford.edu,true
476,dsimmonsd7@cdc.gov,false
477,ikelleyd8@bloomberg.com,true
478,arogersd9@biblegateway.com,false
479,hwestda@webeden.co.uk,true
480,lpetersdb@sun.com,false
481,cpaynedc@storify.com,false
482,sholmesdd@barnesandnoble.com,true
483,awhitede@etsy.com,false
484,mbrowndf@arstechnica.com,false
485,skimdg@slate.com,false
486,lbarnesdh@unesco.org,true
487,jboyddi@google.ca,false
488,bhamiltondj@mapy.cz,true
489,cbryantdk@odnoklassniki.ru,false
490,jlittledl@simplemachines.org,false
491,lmillsdm@go.com,true
492,rmedinadn@friendfeed.com,false
493,rwarrendo@sphinn.com,false
494,adanielsdp@oakley.com,false
495,gperkinsdq@usa.gov,true
496,skellydr@i2i.jp,false
497,sdeands@virginia.edu,true
498,abakerdt@unesco.org,true
499,rfranklindu@ocn.ne.jp,false
500,cgrahamdv@zdnet.com,false
501,jarnolddw@w3.org,true
502,lsimsdx@upenn.edu,true
503,kstanleydy@indiatimes.com,true
504,skennedydz@naver.com,false
505,ericee0@photobucket.com,true
506,jgonzalese1@list-manage.com,true
507,pjordane2@webeden.co.uk,false
508,lbakere3@reverbnation.com,false
509,crosse4@over-blog.com,true
510,pmorenoe5@cafepress.com,false
511,ljohnstone6@forbes.com,true
512,jfishere7@toplist.cz,true
513,eharpere8@so-net.ne.jp,false
514,arosse9@vistaprint.com,true
515,fcastilloea@sbwire.com,true
516,dmillseb@google.pl,true
517,rmontgomeryec@1688.com,false
518,mharpered@vkontakte.ru,true
519,vfernandezee@epa.gov,true
520,kbaileyef@washingtonpost.com,true
521,jbutlereg@joomla.org,true
522,jjacksoneh@blogtalkradio.com,true
523,jwellsei@time.com,true
524,agarrettej@gmpg.org,true
525,dlawrenceek@hatena.ne.jp,true
526,jpattersonel@dot.gov,true
527,scooperem@uiuc.edu,true
528,kpayneen@stanford.edu,false
529,jgardnereo@fda.gov,true
530,bmontgomeryep@e-recht24.de,false
531,cgranteq@over-blog.com,false
532,kgranter@walmart.com,false
533,tkennedyes@lycos.com,true
534,ggibsonet@samsung.com,true
535,aevanseu@github.io,true
536,jmooreev@tripadvisor.com,false
537,tstephensew@ibm.com,false
538,acoleex@people.com.cn,true
539,sperezey@google.com.au,false
540,bwilliamsonez@yale.edu,true
541,adiazf0@ocn.ne.jp,true
542,noliverf1@cbslocal.com,false
543,afoxf2@dion.ne.jp,true
544,hhamiltonf3@indiatimes.com,false
545,awrightf4@telegraph.co.uk,false
546,lcoxf5@furl.net,false
547,trussellf6@blogspot.com,false
548,dgarciaf7@newsvine.com,true
549,awoodsf8@princeton.edu,false
550,pburkef9@lulu.com,false
551,marnoldfa@e-recht24.de,false
552,tcooperfb@slashdot.org,false
553,dshawfc@g.co,true
554,jhicksfd@addthis.com,true
555,tyoungfe@istockphoto.com,false
556,twatkinsff@furl.net,true
557,joliverfg@sohu.com,true
558,rlittlefh@cnn.com,false
559,jcolefi@yellowpages.com,true
560,ddiazfj@smugmug.com,false
561,vwatsonfk@ovh.net,false
562,ewrightfl@ucla.edu,true
563,fmurphyfm@bluehost.com,true
564,kgreenefn@gov.uk,false
565,jhicksfo@illinois.edu,true
566,ksimpsonfp@thetimes.co.uk,true
567,amoralesfq@auda.org.au,true
568,jowensfr@deliciousdays.com,true
569,adayfs@smugmug.com,true
570,rowensft@storify.com,true
571,kramosfu@bloglovin.com,false
572,aburkefv@nationalgeographic.com,false
573,aperryfw@posterous.com,true
574,jfloresfx@si.edu,true
575,aramosfy@thetimes.co.uk,false
576,lthomasfz@paginegialle.it,false
577,mberryg0@cdc.gov,true
578,gcoleg1@joomla.org,true
579,priverag2@skyrock.com,false
580,alewisg3@theglobeandmail.com,true
581,tjohnstong4@dot.gov,false
582,kruizg5@msu.edu,false
583,pgrantg6@addtoany.com,false
584,dwardg7@ox.ac.uk,true
585,ecooperg8@shutterfly.com,true
586,kgreeng9@dion.ne.jp,true
587,dcunninghamga@google.it,false
588,gnelsongb@shinystat.com,false
589,cramirezgc@uol.com.br,true
590,hmendozagd@over-blog.com,false
591,vjohnsonge@shop-pro.jp,true
592,asullivangf@typepad.com,false
593,cdanielsgg@ucla.edu,true
594,jhenrygh@google.ca,true
595,kblackgi@cnn.com,true
596,dstevensgj@chron.com,true
597,cwallacegk@howstuffworks.com,false
598,gfostergl@wsj.com,false
599,wnelsongm@buzzfeed.com,true
600,vknightgn@surveymonkey.com,false
601,aknightgo@samsung.com,false
602,rlewisgp@discuz.net,true
603,cgutierrezgq@biblegateway.com,false
604,lgardnergr@hexun.com,true
605,jgonzalezgs@spotify.com,true
606,kcolegt@sphinn.com,true
607,ahansongu@addthis.com,true
608,jolivergv@hhs.gov,true
609,rpricegw@unc.edu,false
610,jmatthewsgx@e-recht24.de,true
611,amarshallgy@hp.com,true
612,wkimgz@engadget.com,true
613,acookh0@reddit.com,false
614,ncoxh1@vimeo.com,false
615,rgomezh2@blogtalkradio.com,true
616,bkingh3@networksolutions.com,false
617,phughesh4@wunderground.com,true
618,jlongh5@gnu.org,true
619,ahughesh6@techcrunch.com,true
620,ajacobsh7@ed.gov,true
621,mcollinsh8@ibm.com,true
622,lsimsh9@icio.us,false
623,ssmithha@miibeian.gov.cn,false
624,kgutierrezhb@psu.edu,true
625,plawrencehc@usnews.com,true
626,rgrayhd@zdnet.com,false
627,lmurrayhe@skype.com,false
628,sgarretthf@arstechnica.com,false
629,prichardshg@alibaba.com,false
630,rstewarthh@goo.ne.jp,false
631,drobertsonhi@desdev.cn,false
632,efordhj@youku.com,false
633,lcarterhk@github.io,false
634,rwagnerhl@csmonitor.com,true
635,enelsonhm@naver.com,true
636,rwatsonhn@so-net.ne.jp,false
637,landrewsho@opera.com,false
638,dcookhp@alexa.com,false
639,sburkehq@friendfeed.com,false
640,dreidhr@sourceforge.net,true
641,skellyhs@princeton.edu,true
642,jwardht@dedecms.com,true
643,kolsonhu@opensource.org,true
644,erichardshv@whitehouse.gov,true
645,bgarciahw@symantec.com,true
646,tschmidthx@icio.us,true
647,tmeyerhy@pbs.org,true
648,wgreenhz@nbcnews.com,true
649,sgreenei0@yellowbook.com,true
650,tschmidti1@hc360.com,false
651,mburtoni2@java.com,false
652,bwelchi3@zdnet.com,false
653,jhenryi4@si.edu,true
654,achavezi5@oaic.gov.au,false
655,mhamiltoni6@theglobeandmail.com,true
656,jkelleyi7@hud.gov,true
657,amendozai8@jalbum.net,false
658,kfreemani9@usnews.com,true
659,jhowardia@aboutads.info,true
660,jwatkinsib@netlog.com,false
661,nmartinezic@slideshare.net,true
662,mharveyid@blogspot.com,false
663,gmasonie@shop-pro.jp,false
664,kmorrisonif@howstuffworks.com,false
665,lbutlerig@ucla.edu,false
666,doliverih@bloglines.com,false
667,wcolemanii@thetimes.co.uk,true
668,hgeorgeij@paypal.com,false
669,kriceik@samsung.com,false
670,cmeyeril@ycombinator.com,false
671,acoleim@usnews.com,true
672,srayin@seattletimes.com,true
673,aspencerio@google.fr,false
674,areynoldsip@blogger.com,false
675,cgriffiniq@free.fr,false
676,ahayesir@google.de,false
677,alarsonis@domainmarket.com,true
678,msmithit@freewebs.com,true
679,smartiniu@cornell.edu,false
680,mnguyeniv@scientificamerican.com,true
681,vreidiw@foxnews.com,false
682,rolsonix@1688.com,true
683,afulleriy@blogspot.com,true
684,mfergusoniz@studiopress.com,false
685,pwheelerj0@ft.com,false
686,amorrisj1@i2i.jp,false
687,wsanchezj2@soup.io,false
688,jperryj3@nhs.uk,true
689,dreidj4@163.com,false
690,wdayj5@geocities.jp,true
691,istewartj6@blog.com,false
692,vellisj7@wikispaces.com,true
693,agomezj8@squarespace.com,false
694,aevansj9@slideshare.net,true
695,mburtonja@tinyurl.com,false
696,pwilliamsonjb@diigo.com,false
697,rlewisjc@blogtalkradio.com,false
698,hwhitejd@imageshack.us,false
699,rlarsonje@ask.com,false
700,rmorganjf@shinystat.com,true
701,blawsonjg@senate.gov,true
702,acunninghamjh@state.tx.us,false
703,lsullivanji@twitter.com,false
704,jcarterjj@ucsd.edu,true
705,mgreenjk@plala.or.jp,true
706,blarsonjl@bravesites.com,true
707,lwrightjm@addtoany.com,true
708,amoralesjn@elpais.com,false
709,fmedinajo@aboutads.info,false
710,ptaylorjp@auda.org.au,true
711,vweaverjq@example.com,false
712,acarrjr@plala.or.jp,true
713,lrusselljs@amazonaws.com,true
714,bevansjt@slashdot.org,true
715,mdixonju@omniture.com,false
716,jgibsonjv@cyberchimps.com,false
717,acooperjw@paginegialle.it,false
718,creedjx@myspace.com,true
719,wmoorejy@springer.com,true
720,vjenkinsjz@ezinearticles.com,false
721,caustink0@redcross.org,true
722,prileyk1@constantcontact.com,true
723,lhayesk2@friendfeed.com,false
724,jleek3@blogspot.com,true
725,lfranklink4@berkeley.edu,true
726,pcrawfordk5@mlb.com,false
727,gwebbk6@bloglovin.com,false
728,ehansenk7@nasa.gov,true
729,jmccoyk8@themeforest.net,false
730,jwalkerk9@w3.org,false
731,ebakerka@shop-pro.jp,false
732,jjacksonkb@furl.net,false
733,abennettkc@w3.org,true
734,cwrightkd@slate.com,true
735,dburtonke@oakley.com,false
736,gdiazkf@cbc.ca,true
737,arussellkg@indiegogo.com,false
738,akelleykh@so-net.ne.jp,false
739,kadamski@imageshack.us,false
740,rsnyderkj@unblog.fr,true
741,agrantkk@ucla.edu,false
742,cstephenskl@disqus.com,true
743,dfosterkm@apple.com,true
744,nbishopkn@arstechnica.com,true
745,mknightko@g.co,false
746,dcoxkp@wisc.edu,true
747,lryankq@g.co,false
748,lromerokr@last.fm,false
749,hwrightks@techcrunch.com,true
750,jrodriguezkt@nymag.com,false
751,pmillsku@zimbio.com,true
752,ahartkv@sourceforge.net,true
753,cpiercekw@php.net,true
754,hstevenskx@ucoz.ru,false
755,awestky@simplemachines.org,true
756,jgardnerkz@nifty.com,true
757,elopezl0@about.com,true
758,pmedinal1@deliciousdays.com,true
759,phawkinsl2@nhs.uk,true
760,jkellyl3@wix.com,false
761,lfernandezl4@soundcloud.com,false
762,bcolel5@nbcnews.com,true
763,sfernandezl6@abc.net.au,false
764,dmartinezl7@toplist.cz,true
765,lcoxl8@ebay.com,false
766,cwatkinsl9@t.co,true
767,nlewisla@g.co,false
768,awilliamsonlb@state.gov,false
769,jharperlc@independent.co.uk,false
770,rlewisld@vinaora.com,false
771,smorrisle@vimeo.com,true
772,ghernandezlf@epa.gov,true
773,dpaynelg@hp.com,true
774,jjohnsonlh@rambler.ru,false
775,mstewartli@archive.org,false
776,lkinglj@slideshare.net,false
777,tleelk@indiegogo.com,false
778,hreedll@elegantthemes.com,true
779,jgutierrezlm@abc.net.au,true
780,jkingln@unc.edu,true
781,agomezlo@fda.gov,true
782,rbankslp@un.org,false
783,srodriguezlq@nps.gov,true
784,swallacelr@japanpost.jp,true
785,rhallls@arstechnica.com,true
786,jbishoplt@google.fr,true
787,ielliottlu@nasa.gov,true
788,bkinglv@deliciousdays.com,false
789,kpaynelw@marriott.com,true
790,rromerolx@vk.com,true
791,pryanly@sohu.com,true
792,ewillislz@redcross.org,true
793,cdiazm0@opera.com,true
794,pmillsm1@elpais.com,true
795,mscottm2@ycombinator.com,false
796,vhowardm3@homestead.com,true
797,awebbm4@vinaora.com,true
798,khansenm5@eepurl.com,false
799,jdaym6@delicious.com,true
800,alawsonm7@elpais.com,true
801,cperezm8@imdb.com,true
802,aallenm9@shareasale.com,false
803,ghansonma@cisco.com,true
804,efowlermb@shutterfly.com,false
805,jmurraymc@altervista.org,true
806,areynoldsmd@kickstarter.com,false
807,blawsonme@miibeian.gov.cn,true
808,drichardsonmf@hatena.ne.jp,false
809,palexandermg@themeforest.net,true
810,afoxmh@shop-pro.jp,true
811,nbrownmi@hhs.gov,true
812,mjenkinsmj@parallels.com,false
813,pjamesmk@jugem.jp,false
814,smatthewsml@soup.io,true
815,dhuntmm@oracle.com,false
816,cellismn@bluehost.com,true
817,rkennedymo@godaddy.com,false
818,fclarkmp@newyorker.com,false
819,solsonmq@economist.com,false
820,dtuckermr@facebook.com,false
821,lowensms@upenn.edu,true
822,acunninghammt@msu.edu,false
823,cbennettmu@loc.gov,true
824,lfishermv@icq.com,false
825,jfranklinmw@ibm.com,true
826,rriveramx@altervista.org,false
827,sreyesmy@cisco.com,false
828,cgreenmz@redcross.org,false
829,smoralesn0@constantcontact.com,true
830,mpaynen1@people.com.cn,false
831,rdeann2@gmpg.org,false
832,fjonesn3@hostgator.com,true
833,lgriffinn4@howstuffworks.com,false
834,bkennedyn5@narod.ru,false
835,jbryantn6@statcounter.com,true
836,jramosn7@nhs.uk,true
837,mrobinsonn8@jigsy.com,true
838,wpalmern9@indiatimes.com,true
839,mwebbna@tiny.cc,true
840,edanielsnb@huffingtonpost.com,true
841,hcunninghamnc@shutterfly.com,true
842,bhughesnd@sciencedirect.com,false
843,mgordonne@quantcast.com,true
844,rjamesnf@topsy.com,false
845,wnicholsng@rediff.com,true
846,bwarrennh@is.gd,true
847,mhughesni@uiuc.edu,true
848,trileynj@umich.edu,true
849,gchapmannk@liveinternet.ru,false
850,jmeyernl@cisco.com,false
851,lhicksnm@over-blog.com,false
852,lhendersonnn@tumblr.com,true
853,tharveyno@nationalgeographic.com,false
854,abutlernp@msn.com,true
855,awhitenq@google.co.jp,true
856,mporternr@who.int,false
857,salvarezns@dedecms.com,true
858,ajonesnt@furl.net,true
859,tcarternu@google.ca,false
860,mpalmernv@netscape.com,true
861,dlittlenw@tamu.edu,false
862,mbakernx@cargocollective.com,false
863,jrobertsny@netlog.com,false
864,scoopernz@github.io,true
865,jcolemano0@imageshack.us,true
866,vmontgomeryo1@slashdot.org,true
867,mfowlero2@answers.com,false
868,ffranklino3@europa.eu,false
869,cgilberto4@facebook.com,true
870,bedwardso5@squarespace.com,true
871,bmartino6@ameblo.jp,true
872,lsimpsono7@imageshack.us,true
873,egordono8@mit.edu,true
874,mgardnero9@wikispaces.com,true
875,sfranklinoa@walmart.com,false
876,mgrantob@ihg.com,false
877,grodriguezoc@163.com,false
878,vpalmerod@nyu.edu,true
879,jelliottoe@sitemeter.com,true
880,jkingof@google.ca,true
881,jmorenoog@ovh.net,false
882,srichardsonoh@nydailynews.com,true
883,lwestoi@seesaa.net,true
884,kwalkeroj@yahoo.com,true
885,jevansok@istockphoto.com,false
886,jpetersonol@fda.gov,true
887,cwilsonom@economist.com,true
888,gkennedyon@bravesites.com,true
889,cthomasoo@blinklist.com,false
890,crobertsop@imgur.com,false
891,hcastillooq@infoseek.co.jp,false
892,fboydor@webeden.co.uk,true
893,sruizos@comcast.net,false
894,gsimpsonot@gizmodo.com,true
895,breynoldsou@desdev.cn,true
896,sgrantov@google.ca,false
897,rpattersonow@hugedomains.com,true
898,troseox@github.com,true
899,lbutleroy@elegantthemes.com,false
900,hwillisoz@home.pl,false
901,tjordanp0@bloglovin.com,false
902,jgutierrezp1@si.edu,true
903,vfreemanp2@newsvine.com,false
904,jcarpenterp3@house.gov,false
905,rthompsonp4@google.com.hk,true
906,rmccoyp5@bing.com,true
907,bbaileyp6@wufoo.com,true
908,pclarkp7@purevolume.com,false
909,rrichardsonp8@123-reg.co.uk,true
910,wgordonp9@marketwatch.com,false
911,amyerspa@clickbank.net,false
912,selliottpb@scientificamerican.com,true
913,jhendersonpc@ucsd.edu,false
914,thansenpd@admin.ch,false
915,smeyerpe@qq.com,true
916,twarrenpf@exblog.jp,true
917,sryanpg@mapy.cz,false
918,cleeph@tuttocitta.it,true
919,pmorrispi@wp.com,true
920,fcollinspj@opensource.org,true
921,rpricepk@ifeng.com,true
922,awheelerpl@mac.com,false
923,jhamiltonpm@list-manage.com,false
924,mburtonpn@github.io,false
925,jallenpo@wunderground.com,false
926,mperrypp@virginia.edu,false
927,njonespq@loc.gov,false
928,vstephenspr@hatena.ne.jp,false
929,jruizps@virginia.edu,true
930,aramirezpt@parallels.com,false
931,tcastillopu@canalblog.com,false
932,jstevenspv@cyberchimps.com,false
933,lharperpw@lycos.com,true
934,kgreenepx@amazon.com,false
935,bfergusonpy@xrea.com,false
936,jturnerpz@squidoo.com,false
937,prileyq0@alexa.com,false
938,droseq1@umich.edu,true
939,slopezq2@google.com.hk,false
940,gmatthewsq3@columbia.edu,true
941,mwelchq4@businesswire.com,false
942,pburtonq5@shinystat.com,true
943,jcoxq6@blinklist.com,true
944,prichardsq7@weebly.com,false
945,chartq8@fc2.com,false
946,pdiazq9@npr.org,false
947,dowensqa@google.nl,true
948,mevansqb@homestead.com,false
949,wpierceqc@mediafire.com,true
950,wbrooksqd@devhub.com,true
951,sstewartqe@smh.com.au,false
952,jbanksqf@cnn.com,true
953,ehenryqg@spotify.com,false
954,rlewisqh@freewebs.com,false
955,hhartqi@newsvine.com,false
956,rboydqj@tmall.com,false
957,ekellyqk@techcrunch.com,false
958,ewallaceql@infoseek.co.jp,true
959,sduncanqm@smh.com.au,true
960,sstanleyqn@hexun.com,false
961,bgibsonqo@illinois.edu,true
962,flynchqp@sourceforge.net,true
963,mmorenoqq@samsung.com,true
964,dcolemanqr@bigcartel.com,true
965,sedwardsqs@com.com,true
966,kfowlerqt@npr.org,true
967,aparkerqu@bloglines.com,true
968,vgonzalesqv@ted.com,false
969,mtorresqw@sciencedirect.com,false
970,dmartinezqx@msn.com,true
971,egarrettqy@oaic.gov.au,false
972,probertsonqz@deviantart.com,true
973,pperryr0@nyu.edu,true
974,ttaylorr1@addthis.com,true
975,jgutierrezr2@ihg.com,true
976,swebbr3@elpais.com,true
977,probinsonr4@is.gd,true
978,jrussellr5@eventbrite.com,true
979,pandersonr6@wikipedia.org,false
980,afullerr7@github.com,false
981,ahayesr8@umn.edu,false
982,jmcdonaldr9@baidu.com,true
983,cstephensra@rakuten.co.jp,true
984,ghallrb@flavors.me,true
985,kspencerrc@sfgate.com,false
986,jmccoyrd@mit.edu,false
987,jfordre@webs.com,false
988,ericerf@geocities.com,true
989,kvasquezrg@craigslist.org,false
990,shuntrh@jalbum.net,false
991,tkimri@cyberchimps.com,true
992,shillrj@behance.net,true
993,tstevensrk@baidu.com,false
994,swestrl@cnet.com,true
995,cmccoyrm@java.com,true
996,rromerorn@mac.com,true
997,jmasonro@hexun.com,false
998,jlanerp@behance.net,false
999,kromerorq@facebook.com,true
1000,pcookrr@dyndns.org,true